Job ID,Job URL,Job Title,Company Name,Status,Timestamp,WP ID
f0e28315eb895347,https://az.linkedin.com/jobs/view/supply-chain-executive-at-descon-engineering-limited-4431909904,Supply Chain Executive,Descon Engineering Limited,posted,2026-07-06T23:52:48.585275,20
cf244f497a81263c,https://az.linkedin.com/jobs/view/p%C9%99rak%C9%99nd%C9%99-xidm%C9%99tl%C9%99r-v%C9%99-istehlak-kreditl%C9%99ri-%C3%BCzr%C9%99-ki%C3%A7ik-m%C3%BCt%C9%99x%C9%99ssis-m%C3%BCt%C9%99x%C9%99ssis-g%C9%99nc%C9%99-at-unibank-4435049816,Pərakəndə xidmətlər və istehlak kreditləri üzrə kiçik mütəxəssis/mütəxəssis (Gəncə),,scraped,2026-07-06T23:52:51.121474,
9db2086335ac6c94,https://az.linkedin.com/jobs/view/p%C9%99rak%C9%99nd%C9%99-xidm%C9%99tl%C9%99r-v%C9%99-istehlak-kreditl%C9%99ri-%C3%BCzr%C9%99-ki%C3%A7ik-m%C3%BCt%C9%99x%C9%99ssis-m%C3%BCt%C9%99x%C9%99ssis-b%C9%99rd%C9%99-at-unibank-4435057317,Pərakəndə xidmətlər və istehlak kreditləri üzrə kiçik mütəxəssis/mütəxəssis (Bərdə),,scraped,2026-07-06T23:52:57.573572,
7952c322b86b2b1e,https://az.linkedin.com/jobs/view/production-operator-at-gen-pharma-caucasus-manufacturing-operations-4432750930,Production Operator,GEN PHARMA CAUCASUS MANUFACTURING OPERATIONS,posted,2026-07-06T23:53:12.301080,22
6773f5a2c2aff3ca,https://az.linkedin.com/jobs/view/%C9%99m%C9%99liyyat-riskl%C9%99ri-b%C3%B6lm%C9%99sinin-m%C3%BCt%C9%99x%C9%99ssisi-apar%C4%B1c%C4%B1-m%C3%BCt%C9%99x%C9%99ssisi-at-unibank-4435041961,Əməliyyat riskləri bölməsinin Mütəxəssisi / Aparıcı Mütəxəssisi,,scraped,2026-07-06T23:53:14.888259,
7721558e148e756c,https://az.linkedin.com/jobs/view/product-planning-specialist-at-gen-pharma-caucasus-manufacturing-operations-4432780891,Product Planning Specialist,GEN PHARMA CAUCASUS MANUFACTURING OPERATIONS,posted,2026-07-06T23:53:28.559665,24
0c715e62c614b727,https://az.linkedin.com/jobs/view/qaytar%C4%B1lma-m%C3%BCraci%C9%99tl%C9%99rinin-ara%C5%9Fd%C4%B1r%C4%B1lmas%C4%B1-v%C9%99-h%C9%99lli-qrupunun-m%C3%BCt%C9%99x%C9%99ssisi-at-life-at-bir-4435246485,Qaytarılma müraciətlərinin araşdırılması və həlli qrupunun mütəxəssisi,,scraped,2026-07-06T23:53:30.868861,
f650217dd877a4b0,https://az.linkedin.com/jobs/view/region-filiallar%C4%B1-%C3%BCzr%C9%99-k%C3%B6n%C3%BCll%C3%BC-salyan-at-unibank-4435051747,Region filialları üzrə könüllü (Salyan),,scraped,2026-07-06T23:53:37.236642,
6a1f0791536cafb8,https://az.linkedin.com/jobs/view/microbiology-specialist-at-gen-pharma-caucasus-manufacturing-operations-4432766888,Microbiology Specialist,GEN PHARMA CAUCASUS MANUFACTURING OPERATIONS,posted,2026-07-06T23:53:51.138517,26
064c88096fa4981d,https://az.linkedin.com/jobs/view/hesabatl%C4%B1l%C4%B1q-%C5%9F%C3%B6b%C9%99sinin-ba%C5%9F-m%C3%BCt%C9%99x%C9%99ssisi-at-pasha-life-4433929280,Hesabatlılıq şöbəsinin baş mütəxəssisi,PASHA Life,posted,2026-07-06T23:54:37.229279,28
2e90d66410f317ef,https://az.linkedin.com/jobs/view/kadr-i%C5%9Finin-t%C9%99%C5%9Fkili-b%C3%B6lm%C9%99sinin-eksperti-at-bank-of-baku-ojsc-4432704315,Kadr işinin təşkili bölməsinin eksperti,,scraped,2026-07-06T23:54:39.831261,
d8d6b309f351bb04,https://az.linkedin.com/jobs/view/sap-master-data-expert-at-holcim-azerbaijan-member-of-holcim-group-4435215467,SAP Master Data Expert,,scraped,2026-07-06T23:54:48.014492,
135c753f150b90f7,https://az.linkedin.com/jobs/view/safety-back-office-executive-at-aceolution-4436077795,Safety Back Office Executive,Aceolution,posted,2026-07-06T23:55:02.758625,30
e54da12f249fd8af,https://az.linkedin.com/jobs/view/product-owner-at-apar-4432781484,Product Owner,Apar,posted,2026-07-06T23:55:11.248149,32
ca5d10b347858c30,https://az.linkedin.com/jobs/view/global-affiliate-manager-at-binance-4435225639,Global Affiliate Manager,Binance,posted,2026-07-06T23:55:19.608112,34
1501cd038ae4b8c5,https://az.linkedin.com/jobs/view/account-manager-at-wolt-4426051916,Account Manager,,scraped,2026-07-06T23:55:22.231573,
098c4e86e0cd61dc,https://az.linkedin.com/jobs/view/fortinet-engineer-at-muk-4436035890,Fortinet Engineer,,scraped,2026-07-06T23:55:29.446651,
917e8393b553342d,https://az.linkedin.com/jobs/view/affiliate-relationship-manager-cis-at-binance-4415934186,Affiliate Relationship Manager - CIS,Binance,posted,2026-07-06T23:55:43.029931,36
51f6ace123cdd164,https://az.linkedin.com/jobs/view/finance-coordinator-at-xsolla-4422287357,Finance Coordinator,Xsolla,posted,2026-07-06T23:55:52.193568,38
3683cf4a8cb8e307,https://az.linkedin.com/jobs/view/responsable-unit%C3%A9-fabrication-at-stellantis-4400133409,Responsable unité Fabrication,Stellantis,posted,2026-07-06T23:56:05.068640,40
26fab0a84f9574d0,https://az.linkedin.com/jobs/view/senior-consultant-to-business-processes-solutions-team-at-deloitte-4433149827,Senior Consultant to Business Processes Solutions Team,Deloitte,posted,2026-07-06T23:56:14.237512,42
a8f4122c76f569ba,https://az.linkedin.com/jobs/view/business-development-specification-manager-airium-at-holcim-4437435638,Business Development & Specification Manager - Airium,,scraped,2026-07-06T23:56:16.912111,
4295946b6dcee99e,https://az.linkedin.com/jobs/view/sat%C4%B1nalmalar-departamentinin-hesabatl%C4%B1q-v%C9%99-t%C9%99hlil-%C5%9F%C3%B6b%C9%99sinin-ki%C3%A7ik-m%C3%BCt%C9%99x%C9%99ssisi-m%C3%BCt%C9%99x%C9%99ssisi-at-abb-4436300158,Satınalmalar departamentinin Hesabatlıq və təhlil şöbəsinin kiçik mütəxəssisi / mütəxəssisi,,scraped,2026-07-06T23:56:23.798079,
f22cc9c420530f68,https://az.linkedin.com/jobs/view/kol-business-development-manager-azerbaijan-at-bingx-4429620447,KOL Business Development Manager (Azerbaijan),,scraped,2026-07-06T23:56:30.279105,
ebe43d15ccc418a4,https://az.linkedin.com/jobs/view/consulting-director-acquiring-at-visa-4414648843,Consulting Director (Acquiring),Visa,posted,2026-07-06T23:56:44.633117,44
7bd0ddea8efed37c,https://az.linkedin.com/jobs/view/head-of-construction-solutions-head-1-at-holcim-4437438568,Head of Construction Solutions Head 1,,scraped,2026-07-06T23:56:47.250425,
10bd9fc162a7f344,https://az.linkedin.com/jobs/view/offshore-construction-supervisor-at-pd-ms-group-4432338123,Offshore Construction Supervisor,,scraped,2026-07-06T23:56:54.029394,
45b09290855064d2,https://az.linkedin.com/jobs/view/sr-credit-settlement-risk-manager-at-visa-4428114766,Sr. Credit & Settlement Risk Manager,Visa,posted,2026-07-06T23:57:09.513890,46
fb0454c2dd1326d0,https://az.linkedin.com/jobs/view/social-media-marketing-specialist-organic-growth-focus-at-sigma-llc-4412243773,Social Media Marketing Specialist (Organic Growth Focus),Sigma LLC,posted,2026-07-06T23:57:17.714380,48
2f6c1768cebeb4bf,https://az.linkedin.com/jobs/view/corrosion-engineer-at-sofomation-4437140589,Corrosion Engineer,Sofomation,posted,2026-07-06T23:57:31.086139,50
9e8dc57a40ffafef,https://az.linkedin.com/jobs/view/corporate-development-investor-relations-leading-specialist-at-life-at-bir-4436053122,Corporate Development & Investor Relations Leading Specialist,,scraped,2026-07-06T23:57:33.740714,
7a3aecfa569c03f8,https://az.linkedin.com/jobs/view/painter-local-at-the-ritz-carlton-hotel-company-l-l-c-4435216710,Painter (Local),"The Ritz-Carlton Hotel Company, L.L.C.",posted,2026-07-06T23:57:46.522963,52
d2a824374eb4d1a8,https://az.linkedin.com/jobs/view/lead-sales-specialist-%E2%80%93-db-caspian-at-baker-hughes-4432438795,Lead Sales Specialist – DB Caspian,Baker Hughes,posted,2026-07-06T23:57:55.436549,54
f77b48731bab7939,https://az.linkedin.com/jobs/view/sales-manager-at-asstra-associated-traffic-ag-4433129080,Sales Manager,,scraped,2026-07-06T23:57:58.064959,
19b77d1c851e0826,https://az.linkedin.com/jobs/view/housekeeping-attendant-at-accor-4435792899,Housekeeping Attendant,Accor,posted,2026-07-06T23:58:17.755332,56
838f8436a13bfa12,https://az.linkedin.com/jobs/view/i%C5%9F-icra%C3%A7%C4%B1s%C4%B1-at-sr-group-co-4435838446,Iş icraçısı,,scraped,2026-07-06T23:58:20.371959,
2120eef140f974f7,https://az.linkedin.com/jobs/view/lead-specialist-of-employee-engagement-at-life-at-bir-4435468751,Lead Specialist of Employee Engagement,,scraped,2026-07-06T23:58:27.439818,
d7954ca46645bb1e,https://az.linkedin.com/jobs/view/pa%C5%9Fa-h%C9%99yat-s%C4%B1%C4%9Forta-apar%C4%B1c%C4%B1-auditor-at-pasha-holding-llc-4437146864,PAŞA Həyat Sığorta - Aparıcı Auditor,,scraped,2026-07-06T23:58:33.788401,
9abc1e8f9403a068,https://az.linkedin.com/jobs/view/responsable-unit%C3%A9-maintenance-at-stellantis-4378918610,Responsable unité maintenance,Stellantis,posted,2026-07-06T23:58:52.427282,58
d14c4099f4445c83,https://az.linkedin.com/jobs/view/interface-manager-at-totalenergies-4436421792,Interface Manager,,scraped,2026-07-06T23:58:55.042426,
f5329eb36718ee73,https://az.linkedin.com/jobs/view/commercial-advisor-oilfield-chemicals-at-baker-hughes-4436350486,Commercial Advisor - Oilfield Chemicals,Baker Hughes,posted,2026-07-06T23:59:08.468092,60
cf170f906b2877d3,https://az.linkedin.com/jobs/view/ai-platform-engineer-at-life-at-bir-4434669229,AI Platform Engineer,,scraped,2026-07-06T23:59:11.045740,
5c39c4ce3f3161c4,https://az.linkedin.com/jobs/view/visual-creator-designer-1-at-holcim-4437432748,Visual creator (designer) 1,,scraped,2026-07-06T23:59:17.526986,
145dc66e48c39312,https://az.linkedin.com/jobs/view/project-control-manager-baku-expat-at-pd-ms-group-4431089028,Project Control Manager (Baku Expat),,scraped,2026-07-06T23:59:24.803955,
e53e718b804a242f,https://az.linkedin.com/jobs/view/senior-officer-disaster-risk-reduction-drr-at-international-federation-of-red-cross-and-red-crescent-societies-ifrc-4433592668,"Senior Officer, Disaster Risk Reduction (DRR)",,scraped,2026-07-06T23:59:34.234039,
83614e9ece021857,https://az.linkedin.com/jobs/view/ai-platform-engineer-at-life-at-bir-4434662378,AI Platform Engineer,,scraped,2026-07-06T23:59:41.580168,
f0046b755f79068d,https://az.linkedin.com/jobs/view/vi%CC%87p-m%C3%BC%C5%9Ft%C9%99ril%C9%99rl%C9%99-i%C5%9F-departamentin%C9%99-android-%C3%BCzr%C9%99-proqram%C3%A7%C4%B1-at-abb-4436331318,VİP müştərilərlə iş departamentinə Android üzrə proqramçı,,scraped,2026-07-06T23:59:47.929826,
1dd0d0bb044d8a27,https://az.linkedin.com/jobs/view/senior-project-manager-baku-expat-at-pd-ms-group-4433927275,Senior Project Manager ( Baku Expat),,scraped,2026-07-06T23:59:54.346928,
947e1b3d2cd94890,https://az.linkedin.com/jobs/view/ux-ui-designer-at-the-flex-4436376700,UX/UI Designer,,scraped,2026-07-07T00:00:03.074069,
647d36a5ea8e3adf,https://az.linkedin.com/jobs/view/graphic-designer-at-xsolla-4413620867,Graphic Designer,Xsolla,posted,2026-07-07T00:00:18.666600,62
693a6e25dbcf8eab,https://az.linkedin.com/jobs/view/backend-engineer-go-at-xsolla-4373475914,Backend Engineer (Go),Xsolla,posted,2026-07-07T00:00:27.606903,64
74759c96a51ba219,https://az.linkedin.com/jobs/view/frontend-engineer-react-at-xsolla-4373488037,Frontend Engineer (React),Xsolla,posted,2026-07-07T00:00:36.703953,66
856b774a6cf78d95,https://az.linkedin.com/jobs/view/sports-data-collector-football-shamakhi-azerbaijan-at-genius-sports-4426797010,"Sports Data Collector (Football) - Shamakhi, Azerbaijan",,scraped,2026-07-07T00:00:39.036110,
52b8f7b52fd9720f,https://az.linkedin.com/jobs/view/senior-frontend-engineer-at-xsolla-4406099349,Senior Frontend Engineer,Xsolla,posted,2026-07-07T00:00:51.779001,68
21163c3897f4ca54,https://az.linkedin.com/jobs/view/senior-software-engineer-go-at-xsolla-4281788388,Senior Software Engineer (Go),Xsolla,posted,2026-07-07T00:01:00.908306,70
04cd9031fc57c695,https://az.linkedin.com/jobs/view/responsable-unit%C3%A9-fabrication-ing%C3%A9nieur-at-stellantis-4378950407,Responsable unité Fabrication / ingénieur,Stellantis,posted,2026-07-07T00:01:13.086408,72
1cc85da35cb7bc56,https://az.linkedin.com/jobs/view/senior-project-engineer-at-worley-4436713303,Senior Project Engineer,Worley,posted,2026-07-07T00:01:23.440882,74
5edec8bd4b3ad621,https://az.linkedin.com/jobs/view/kredit-riskl%C9%99rinin-texnoloji-h%C9%99ll%C9%99rinin-%C5%9F%C3%B6b%C9%99si-m%C3%BCt%C9%99x%C9%99ssis-at-life-at-bir-4435092952,Kredit risklərinin texnoloji həllərinin şöbəsi Mütəxəssis,,scraped,2026-07-07T00:01:26.052314,
314e8838bd7683a9,https://az.linkedin.com/jobs/view/cim-commercial-manager-m-f-d-at-baker-hughes-4435383533,CIM Commercial Manager (M/F/D),Baker Hughes,posted,2026-07-07T00:01:39.161907,76
efbee382e74b6b32,https://az.linkedin.com/jobs/view/senior-value-chain-development-expert-at-ntu-international-a-s-4436372841,Senior Value Chain Development Expert,,scraped,2026-07-07T00:01:41.779922,
f586f9ad918f25c3,https://az.linkedin.com/jobs/view/sports-data-collector-football-agsu-azerbaijan-at-genius-sports-4426788875,"Sports Data Collector (Football) - Agsu, Azerbaijan",,scraped,2026-07-07T00:02:52.115823,
8242715bb3eb42fc,https://az.linkedin.com/jobs/view/myp-individuals-and-societies-teacher-2026-2027-academic-year-at-european-azerbaijan-school-4434516540,MYP Individuals and Societies Teacher (2026-2027 Academic Year),,scraped,2026-07-07T11:25:33.079147,
78d2f3fa6d4def55,https://az.linkedin.com/jobs/view/x%C3%BCsusi-t%C9%99l%C9%99bat-m%C9%99hsullar%C4%B1-%C3%BCzr%C9%99-partnyorluq-%C5%9F%C3%B6b%C9%99sinin-r%C9%99hb%C9%99ri-at-life-at-bir-4431946090,Xüsusi Tələbat Məhsulları üzrə Partnyorluq Şöbəsinin rəhbəri,,scraped,2026-07-07T11:25:51.354952,
f3df8380c67d8c54,https://az.linkedin.com/jobs/view/operations-administrative-assistant-at-aceolution-4434613546,Operations Administrative Assistant,Aceolution,posted,2026-07-07T11:26:07.299372,78
3015eb547bd124eb,https://az.linkedin.com/jobs/view/product-owner-at-b-est-solutions-4432773852,Product Owner,,scraped,2026-07-07T11:26:09.915683,
e03f65265482ff7d,https://az.linkedin.com/jobs/view/onshore-package-manager-at-totalenergies-4436430522,Onshore Package Manager,,scraped,2026-07-07T11:26:19.099183,
efd9e08f79a9ff5d,https://az.linkedin.com/jobs/view/strategy-innovation-intern-at-montfortlab-4433939795,Strategy & Innovation Intern,Montfortlab,posted,2026-07-07T11:26:33.717992,80
5afcf57892511e80,https://az.linkedin.com/jobs/view/grocery-associate-wolt-market-full-time-at-wolt-4436545112,Grocery Associate - Wolt Market (full-time),,scraped,2026-07-07T11:26:36.254219,
b8d83d41a28c0073,https://az.linkedin.com/jobs/view/junior-business-analyst-financial-strategic-bir-ecosystem-at-life-at-bir-4435237868,Junior Business Analyst (Financial & Strategic) - Bir ecosystem,,scraped,2026-07-07T11:26:43.577082,
9c7144a95ab35516,https://az.linkedin.com/jobs/view/kredit-riskl%C9%99rinin-texnoloji-h%C9%99ll%C9%99ri-%C5%9F%C3%B6b%C9%99sinin-ba%C5%9F-m%C3%BCt%C9%99x%C9%99ssis-at-life-at-bir-4435244528,Kredit risklərinin texnoloji həlləri şöbəsinin Baş mütəxəssis,,scraped,2026-07-07T11:26:50.188628,
53bacf8760ab801e,https://az.linkedin.com/jobs/view/digital-marketing-intern-at-montfortlab-4432742986,Digital Marketing Intern,Montfortlab,posted,2026-07-07T11:27:04.367562,82
c66a7de1fa23ad45,https://az.linkedin.com/jobs/view/senior-data-scientist-ai-and-data-science-coe-at-life-at-bir-4431940218,Senior Data Scientist - AI and Data science CoE,,scraped,2026-07-07T11:27:17.075241,
c133fabf76c863c6,https://az.linkedin.com/jobs/view/officer-disaster-risk-reduction-drr-at-international-federation-of-red-cross-and-red-crescent-societies-ifrc-4433586809,"Officer, Disaster Risk Reduction (DRR)",,scraped,2026-07-07T11:27:23.592532,
2d7c89bad712d407,https://az.linkedin.com/jobs/view/growth-marketer-at-the-flex-4436771661,Growth Marketer,,scraped,2026-07-07T11:27:30.393730,
0dc66d064cd6c5fa,https://az.linkedin.com/jobs/view/%D0%BC%D0%B5%D0%B4%D0%B8%D1%86%D0%B8%D0%BD%D1%81%D0%BA%D0%B0%D1%8F-%D1%81%D0%B5%D1%81%D1%82%D1%80%D0%B0-at-bumblebee-preschool-montessori-4433962112,Медицинская сестра,Bumblebee Preschool / Montessori,failed|wp_post_failed,2026-07-07T11:27:48.147774,
5dff9066158754bd,https://az.linkedin.com/jobs/view/fraud-hunters-growth-program-at-life-at-bir-4435238664,Fraud Hunters Growth Program,,scraped,2026-07-07T11:27:50.941203,
a44a8b2e01836297,https://az.linkedin.com/jobs/view/leading-senior-cyber-defense-soc-specialist-at-bir-ecosystem-4421967032,Leading / Senior Cyber Defense (SOC) Specialist,,scraped,2026-07-07T11:28:01.183968,
30375ca75571fa15,https://az.linkedin.com/jobs/view/sales-representative-intern-at-planb-company-4433943926,Sales Representative Intern,PlanB  Company,posted,2026-07-07T11:28:20.755496,84
dec5fdbd7c8d8924,https://az.linkedin.com/jobs/view/sales-specialist-at-tripocell-com-4433925287,Sales Specialist,Tripocell.com,posted,2026-07-07T11:28:34.318162,86
6db892253655c62d,https://az.linkedin.com/jobs/view/back-end-developer-micro-products-tribe-at-life-at-bir-4436246055,Back-End Developer - Micro Products Tribe,,scraped,2026-07-07T11:28:36.852654,
14fa79f46f1bcd6a,https://az.linkedin.com/jobs/view/ai-video-creator-at-the-flex-4436767823,AI Video Creator,,scraped,2026-07-07T11:28:43.429301,
759e79570c57b75e,https://az.linkedin.com/jobs/view/texniki-satis-m%C3%BCt%C9%99x%C9%99ssisi-at-alumin-llc-4245245811,Texniki Satis mütəxəssisi,Alumin LLC,posted,2026-07-07T11:28:57.294364,88
e3e8185a359277eb,https://az.linkedin.com/jobs/view/cementing-operator-at-baker-hughes-4436700276,Cementing Operator,Baker Hughes,posted,2026-07-07T11:29:06.556647,90
6f92d46995b9df21,https://az.linkedin.com/jobs/view/gs-team-leader-at-four-seasons-4436758823,GS Team Leader,Four Seasons,posted,2026-07-07T11:29:18.307208,92
95c80f20baa21582,https://az.linkedin.com/jobs/view/steward-at-accor-4436014050,Steward,Accor,posted,2026-07-07T11:29:30.121692,94
243d8ad4bac8fad2,https://az.linkedin.com/jobs/view/electronics-engineer-offshore-at-airswift-4434515606,Electronics Engineer( Offshore ),Airswift,posted,2026-07-07T11:29:39.397779,96
7c0c395b07c3e5bf,https://az.linkedin.com/jobs/view/sports-data-collector-football-qabala-azerbaijan-at-genius-sports-4425793182,"Sports Data Collector (Football) - Qabala, Azerbaijan",,scraped,2026-07-07T11:29:41.789002,
11e64dba8786d513,https://az.linkedin.com/jobs/view/s%C4%B1%C4%9Forta-agenti-%C3%BCzr%C9%99-t%C9%99lim%C3%A7i-at-apex-business-school-4206673456,Sığorta Agenti üzrə təlimçi,APEX Business School,posted,2026-07-07T11:29:57.189751,98
1f5ad36a363f5d86,https://az.linkedin.com/jobs/view/product-and-funnel-optimisation-manager-cis-at-binance-4434685436,Product and Funnel Optimisation Manager - CIS,Binance,posted,2026-07-07T11:30:07.345397,100
baaa1436b4e4c6e0,https://az.linkedin.com/jobs/view/security-engineer-at-xsolla-4434526509,Security Engineer,Xsolla,posted,2026-07-07T11:30:16.293292,102
000fca6f46db7adb,https://az.linkedin.com/jobs/view/middle-senior-operations-risk-analyst-at-afeagroup-4433171512,Middle/Senior Operations Risk Analyst,AfeaGroup,posted,2026-07-07T11:30:28.249663,104
58b5a5672311e553,https://az.linkedin.com/jobs/view/steward-at-four-seasons-4437135585,Steward,Four Seasons,posted,2026-07-07T11:30:36.175918,94
7be80df3eb45f71d,https://az.linkedin.com/jobs/view/support-assistant-for-official-residence-at-embassy-of-brazil-in-baku-4432369683,Support Assistant for Official Residence,,scraped,2026-07-07T11:30:38.888828,
1d3dfd4e73586bd4,https://az.linkedin.com/jobs/view/amo-electronics-engineer-at-baker-hughes-4435307905,AMO Electronics Engineer,Baker Hughes,posted,2026-07-07T11:30:52.472366,106
4427d6065bf76003,https://az.linkedin.com/jobs/view/offshore-and-ufr-package-manager-at-totalenergies-4436434382,Offshore and UFR Package Manager,,scraped,2026-07-07T11:30:57.140043,
e52bd711fc486346,https://az.linkedin.com/jobs/view/assistant-server-at-four-seasons-4436382106,Assistant Server,Four Seasons,posted,2026-07-07T11:31:13.820871,108
1b4e26bb53b400b1,https://az.linkedin.com/jobs/view/gmp-compliance-specialist-at-gen-pharma-caucasus-manufacturing-operations-4433934221,GMP Compliance Specialist,GEN PHARMA CAUCASUS MANUFACTURING OPERATIONS,posted,2026-07-07T19:19:12.190413,110
86ca08d4ea25ff6b,https://az.linkedin.com/jobs/view/baku-technical-professional-cementing-at-halliburton-4436238198,Baku - Technical Professional -Cementing,Halliburton,posted,2026-07-07T19:19:22.359477,112
dee8c4160a52f14a,https://az.linkedin.com/jobs/view/hr-manager-hrbp-payroll-at-aceolution-4435011756,HR Manager (HRBP & Payroll),Aceolution,posted,2026-07-07T19:20:00.266359,114
94d5f005f331244d,https://az.linkedin.com/jobs/view/project-control-manager-at-totalenergies-4436423861,Project Control Manager,,scraped,2026-07-07T19:20:03.094830,
0dee11feb0561147,https://az.linkedin.com/jobs/view/global-marketing-manager-at-eincors-4433701043,Global Marketing Manager,,scraped,2026-07-07T19:20:10.986976,
313bbf8d7245c222,https://az.linkedin.com/jobs/view/customs-broker-at-penta-group-4432394071,Customs Broker,,scraped,2026-07-07T19:20:18.149520,
7cca8c280243a6f2,https://az.linkedin.com/jobs/view/korporativ-sat%C4%B1%C5%9F-m%C3%BCt%C9%99x%C9%99ssisi-at-gbaru-com-4434543597,Korporativ Satış Mütəxəssisi,,scraped,2026-07-07T19:20:27.198581,
8cedeee87c4efa65,https://az.linkedin.com/jobs/view/korporativ-sat%C4%B1%C5%9F-t%C9%99msil%C3%A7isi-at-feb-group-4434513848,Korporativ Satış Təmsilçisi,,scraped,2026-07-07T19:20:34.858464,
ee8141f6f731af4e,https://az.linkedin.com/jobs/view/onshore-qa-qc-civil-engineer-at-iota-group-4435540815,Onshore QA/QC Civil Engineer,,scraped,2026-07-07T19:20:47.503660,
0f987f9338c4713b,https://az.linkedin.com/jobs/view/business-owner-in-azerbaijan-i-logistics-e-commerce-at-mail-boxes-etc-worldwide-development-4437802294,Business Owner in Azerbaijan I Logistics & E-commerce,,scraped,2026-07-07T19:20:55.139894,
5cdd986e2d3928f8,https://az.linkedin.com/jobs/view/business-sales-representative-at-hackathonhub-xyz-4433934783,Business/Sales Representative,HackathonHub.xyz,posted,2026-07-07T19:21:10.502824,116
47811dbd25274ba3,https://az.linkedin.com/jobs/view/cloud-network-engineer-at-paymentology-4437795747,Cloud Network Engineer,,scraped,2026-07-07T19:21:13.248258,
dcf5b7b37ceaf2cd,https://az.linkedin.com/jobs/view/document-controller-at-wood-4436354644,Document Controller,Wood,posted,2026-07-07T19:21:43.219644,118
66ba6fd46384eb27,https://az.linkedin.com/jobs/view/regional-growth-manager-cis-at-binance-4434694218,Regional Growth Manager - CIS,Binance,posted,2026-07-07T19:21:53.127312,120
a741559b0615a4e5,https://az.linkedin.com/jobs/view/repair-service-agent-at-accor-4436006914,Repair service agent,Accor,posted,2026-07-07T19:22:05.917678,122
978edc942385fc27,https://az.linkedin.com/jobs/view/pl-sql-developer-kredit-m%C9%99hsullar%C4%B1n%C4%B1n-inki%C5%9Faf%C4%B1na-d%C9%99st%C9%99k-b%C3%B6lm%C9%99sinin-eksperti-at-bank-of-baku-ojsc-4432702326,"PL/SQL developer, Kredit məhsullarının inkişafına dəstək bölməsinin eksperti",,scraped,2026-07-07T19:22:08.532069,
b8a9b5342e8433b7,https://az.linkedin.com/jobs/view/senior-growth-manager-cis-at-binance-4434679806,Senior Growth Manager - CIS,Binance,posted,2026-07-07T19:22:27.194430,124
69ef3b22d8c51f1f,https://az.linkedin.com/jobs/view/production-machinery-maintenance-technician-at-gen-pharma-caucasus-manufacturing-operations-4432764401,Production Machinery Maintenance Technician,GEN PHARMA CAUCASUS MANUFACTURING OPERATIONS,posted,2026-07-07T19:22:37.925777,126
9ba4ac55c6d17330,https://az.linkedin.com/jobs/view/customer-service-agent-merchant-team-at-binance-4427480820,Customer Service Agent - Merchant Team,Binance,posted,2026-07-07T19:22:49.336872,128
2ee4c52e3d1eda1b,https://az.linkedin.com/jobs/view/regional-business-development-director-at-xsolla-4433952081,Regional Business Development Director,Xsolla,posted,2026-07-07T19:22:59.246585,130
6dfb680ed1ceff63,https://az.linkedin.com/jobs/view/senior-land-management-rangeland-expert-at-ntu-international-a-s-4435596988,Senior Land Management / Rangeland Expert,,scraped,2026-07-07T19:23:03.898903,
785058deb2dcbf3c,https://az.linkedin.com/jobs/view/analitik-v%C9%99-t%C9%99qib%C9%99-d%C9%99st%C9%99k-b%C3%B6lm%C9%99sinin-ki%C3%A7ik-eksperti-at-bank-of-baku-ojsc-4432706254,Analitik və təqibə dəstək bölməsinin kiçik eksperti,,scraped,2026-07-07T19:23:11.611217,
13ea72d4fb94eb65,https://az.linkedin.com/jobs/view/banquet-cook-at-four-seasons-4436364951,Banquet Cook,Four Seasons,posted,2026-07-07T19:23:40.033815,132
e6e5e3a98be08cb6,https://az.linkedin.com/jobs/view/senior-analyst-supply-analytics-bangkok-based-relocation-provided-at-agoda-4299764771,"Senior Analyst (Supply Analytics, Bangkok-based, Relocation provided)",Agoda,posted,2026-07-07T19:23:56.167140,134
0cb02a4a27c18746,https://az.linkedin.com/jobs/view/assistant-bar-server-at-four-seasons-4436382105,Assistant Bar Server,Four Seasons,posted,2026-07-07T19:24:11.430130,136
06ec6757fe9486e9,https://az.linkedin.com/jobs/view/mechanic-at-four-seasons-4436383115,Mechanic,Four Seasons,posted,2026-07-07T23:32:55.342069,153
2389487d77ee1eac,https://az.linkedin.com/jobs/view/texnik-at-iris-hotel-baku-4433737492,Texnik,,scraped,2026-07-07T23:33:05.943580,
1e6177f3f7200137,https://az.linkedin.com/jobs/view/maintenance-technician-at-bridge-property-management-4426694035,Maintenance Technician,Bridge Property Management,posted,2026-07-07T23:33:19.502824,155
a7cff74d41c16285,https://az.linkedin.com/jobs/view/office-manager-at-xsolla-4433950165,Office Manager,Xsolla,posted,2026-07-07T23:33:28.453493,157
3bdda74dc7d9c6de,https://az.linkedin.com/jobs/view/ruhsatland%C4%B1rma-at-orzax-azerbaijan-4434542273,Ruhsatlandırma,Orzax Azerbaijan,posted,2026-07-07T23:33:39.307753,159
30491e29e2b7da6d,https://az.linkedin.com/jobs/view/kredit-r%C9%99smil%C9%99%C5%9Fdirilm%C9%99si-%C3%BCzr%C9%99-m%C3%BCt%C9%99x%C9%99ssis-%C5%9F%C9%99mkir-at-unibank-4435057315,Kredit rəsmiləşdirilməsi üzrə Mütəxəssis (Şəmkir),,scraped,2026-07-07T23:33:43.891821,
3985a480a54251ae,https://az.linkedin.com/jobs/view/project-coordinator-software-development-at-pls-4436709222,Project Coordinator (Software Development),PLS,posted,2026-07-07T23:33:56.756806,161
f244fa5db4631e9d,https://az.linkedin.com/jobs/view/entrepreneur-in-residence-eir-at-the-flex-4436941522,Entrepreneur in Residence (EIR),,scraped,2026-07-07T23:34:03.375093,
8424977d1739a60e,https://az.linkedin.com/jobs/view/h%C3%BCquq-departamentinin-arxiv-%C5%9F%C3%B6b%C9%99si-%C3%BCzr%C9%99-m%C3%BCt%C9%99x%C9%99ssisi-at-life-at-bir-4435249443,Hüquq Departamentinin Arxiv Şöbəsi üzrə Mütəxəssisi,,scraped,2026-07-07T23:34:10.262236,
686f91d30803c044,https://az.linkedin.com/jobs/view/logistics-operations-specialist-at-arkas-logistics-4437786956,Logistics Operations Specialist,Arkas Logistics,posted,2026-07-07T23:35:02.265447,163
2de41176aad110f6,https://az.linkedin.com/jobs/view/translator-english-remote-at-crossing-hurdles-4423626040,Translator (English) | Remote,Crossing Hurdles,posted,2026-07-07T23:35:10.508125,165
871694c0baaa8493,https://az.linkedin.com/jobs/view/office-administrator-at-aceolution-4434608687,Office Administrator,Aceolution,posted,2026-07-07T23:35:19.887747,167
3f76d6d6c81a00c4,https://az.linkedin.com/jobs/view/operational-resilience-senior-specialist-security-department-staff-hybrid-at-azercell-telecom-llc-4436527060,Operational Resilience Senior Specialist (Security Department/Staff/Hybrid),,scraped,2026-07-07T23:35:24.513899,
b3d54bec3c8a739d,https://az.linkedin.com/jobs/view/kinoteatr-meneceri-at-cinemastercard-4077384669,Kinoteatr meneceri,,scraped,2026-07-07T23:35:35.011011,
f2055e4b96249a66,https://az.linkedin.com/jobs/view/guest-services-agent-local-at-marriott-international-4436852741,Guest Services Agent (Local),Marriott International,posted,2026-07-07T23:35:47.931315,169
43be7a0170844190,https://az.linkedin.com/jobs/view/regional-sat%C4%B1%C5%9F-v%C9%99-marketinq-partnyoru-fitxlink-az%C9%99rbaycan-at-fitxlink-4434676520,Regional Satış və Marketinq Partnyoru | Fitxlink Azərbaycan,Fitxlink,posted,2026-07-07T23:36:07.341261,171
2240694c34b12bd3,https://az.linkedin.com/jobs/view/solution-ai-security-architect-at-life-at-bir-4435449339,Solution & AI Security Architect,,scraped,2026-07-07T23:36:42.002688,
4985ae585f346bac,https://az.linkedin.com/jobs/view/texniki-d%C9%99st%C9%99k-%C3%BCzr%C9%99-m%C3%BCt%C9%99x%C9%99ssis-at-proxima-tech-solutions-4433911689,Texniki Dəstək üzrə Mütəxəssis,,scraped,2026-07-07T23:36:58.494217,
5b8eb565628ea5d1,https://az.linkedin.com/jobs/view/growth-campaign-manager-cis-at-binance-4434679807,Growth Campaign Manager - CIS,Binance,posted,2026-07-07T23:37:19.461040,173
252c8f9c8a2b526d,https://az.linkedin.com/jobs/view/myp-geography-teacher-2026-2027-academic-year-at-european-azerbaijan-school-4434516708,MYP Geography Teacher (2026-2027 Academic Year),,scraped,2026-07-07T23:37:22.085902,
68b572da24d1d98a,https://az.linkedin.com/jobs/view/room-attendant-at-four-seasons-4436367851,Room Attendant,Four Seasons,posted,2026-07-07T23:37:41.181244,175
8e1f2bcdc4b0b14b,https://az.linkedin.com/jobs/view/language-teacher-remote-at-crossing-hurdles-4423618221,Language Teacher | Remote,Crossing Hurdles,posted,2026-07-08T09:19:17.066580,177
22028ed40eb79e57,https://az.linkedin.com/jobs/view/junior-it-auditor-technology-risk-assurance-at-ey-4436246212,"Junior IT Auditor - Technology Risk, Assurance",EY,posted,2026-07-08T09:19:30.863311,179
05eb73b537e64923,https://az.linkedin.com/jobs/view/lead-civil-engineer-at-azerbaijan-metal-company-4434824313,Lead Civil Engineer,Azerbaijan Metal Company,posted,2026-07-08T09:19:39.976769,181
ea21c76505279b2a,https://az.linkedin.com/jobs/view/head-of-data-engineering-and-technology-coe-at-life-at-bir-4436894985,Head of Data engineering and technology CoE,,scraped,2026-07-08T09:19:46.673921,
e189d53d190943ce,https://az.linkedin.com/jobs/view/senior-software-engineer-at-paymentology-4437793858,Senior Software Engineer,,scraped,2026-07-08T09:19:55.368167,
82abdbd20b471192,https://az.linkedin.com/jobs/view/lead-analyst-supply-analytics-bangkok-based-relocation-provided-at-agoda-4372111349,"Lead Analyst (Supply Analytics, Bangkok-based, Relocation provided)",Agoda,posted,2026-07-08T09:20:19.114951,183
30f3754a1ebd46f5,https://az.linkedin.com/jobs/view/butcher-dcdp-at-four-seasons-4436379134,Butcher DCDP,Four Seasons,posted,2026-07-08T09:20:36.546347,185
d4728dd81ae93e65,https://az.linkedin.com/jobs/view/duty-engineer-at-four-seasons-4436374354,Duty Engineer,Four Seasons,posted,2026-07-08T09:20:50.563447,187
d502c1bb994a1e17,https://az.linkedin.com/jobs/view/outlet-supervisor-at-accor-4436007278,Outlet Supervisor,Accor,posted,2026-07-08T09:21:06.045901,189
2dd2159c3052338b,https://az.linkedin.com/jobs/view/video-content-creator-at-step-it-academy-azerbaijan-4434837211,Video Content Creator,STEP IT Academy Azerbaijan,posted,2026-07-08T09:21:17.707405,191
61e4730dbbeb5b0f,https://az.linkedin.com/jobs/view/receptionist-at-pwc-azerbaijan-4435472744,Receptionist,PwC Azerbaijan,posted,2026-07-08T09:21:28.828739,193
f1894fd2682642d4,https://az.linkedin.com/jobs/view/senior-agri-food-logistics-cold-chain-expert-at-ntu-international-a-s-4436491772,Senior Agri-Food Logistics / Cold Chain Expert,,scraped,2026-07-08T09:21:33.477816,
f25e501daf13ab9b,https://az.linkedin.com/jobs/view/senior-python-data-scraping-engineer-freelance-at-mindrift-4436318185,Senior Python Data Scraping Engineer (Freelance),Mindrift,posted,2026-07-08T09:21:50.964844,195
b5f7401b1f648eed,https://az.linkedin.com/jobs/view/m%C3%BChasibat-%C3%BCzr%C9%99-ki%C3%A7ik-m%C3%BCt%C9%99x%C9%99ssis-at-enam-company-mmc-4434860145,Mühasibat üzrə Kiçik Mütəxəssis,ENAM Company MMC,posted,2026-07-08T16:18:55.392111,197
59faf008701e7e99,https://az.linkedin.com/jobs/view/tasar%C4%B1mc%C4%B1-4434562965,Tasarımcı,İdealmutfak,posted,2026-07-08T16:19:27.082860,199
e2b454a303ac554a,https://az.linkedin.com/jobs/view/t%C9%99hl%C3%BCk%C9%99sizliy%C9%99-n%C9%99zar%C9%99t-m%C9%99rk%C9%99zinin-apar%C4%B1c%C4%B1-analitiki-ba%C5%9F-analitiki-at-abb-4438156495,Təhlükəsizliyə nəzarət mərkəzinin aparıcı analitiki/ baş analitiki,,scraped,2026-07-08T16:19:29.801039,
f377e4237e4e5142,https://az.linkedin.com/jobs/view/texnologiya-v%C9%99-arxitektura-sah%C9%99sin%C9%99-platforma-m%C3%BCh%C9%99ndisliyi-%C3%BCzr%C9%99-apar%C4%B1c%C4%B1-ba%C5%9F-m%C3%BCt%C9%99x%C9%99ssis-at-abb-4438163552,Texnologiya və Arxitektura sahəsinə Platforma mühəndisliyi üzrə aparıcı/baş mütəxəssis,,scraped,2026-07-08T16:19:51.326085,
cd6a07907b6b5e07,https://az.linkedin.com/jobs/view/mi%C5%9Far-k%C9%99sim-operatoru-hac%C4%B1qabul-at-azerlime-llc-4438263096,Mişar Kəsim Operatoru (Hacıqabul),,scraped,2026-07-08T16:19:59.957182,
13dca76306d7f45f,https://az.linkedin.com/jobs/view/qa-engineer-payments-business-at-life-at-bir-4436526004,QA Engineer - Payments Business,,scraped,2026-07-08T16:20:12.303358,
ad74d30abd48b5f1,https://az.linkedin.com/jobs/view/instructor-for-inspection-ndt-overview-at-iss-international-spa-4437055266,"Instructor for ""Inspection & NDT overview""",,scraped,2026-07-08T16:20:23.569063,
19d1aabd382a5a74,https://az.linkedin.com/jobs/view/regional-hr-specialist-at-wolt-4426243236,Regional HR Specialist,,scraped,2026-07-08T16:20:42.682304,
69e65feffd76b271,https://az.linkedin.com/jobs/view/audit-senior-at-deloitte-4434853260,Audit Senior,Deloitte,posted,2026-07-08T16:21:02.523553,201
629dcda22fa4529a,https://az.linkedin.com/jobs/view/property-manager-at-as-group-career-4434843783,Property Manager,,scraped,2026-07-08T16:21:05.200894,
f2b215c2dd1ffe1d,https://az.linkedin.com/jobs/view/fleet-fuel-coordinator-intern-at-azex-trucking-4434854882,Fleet & fuel coordinator intern,AZEX Trucking,posted,2026-07-08T16:21:20.479011,203
1158cc5061180466,https://az.linkedin.com/jobs/view/sports-data-collector-football-mingachevir-azerbaijan-at-genius-sports-4426775999,"Sports Data Collector (Football) - Mingachevir, Azerbaijan",,scraped,2026-07-08T16:21:30.919655,
c326cdb1a76493b3,https://az.linkedin.com/jobs/view/technology-consulting-senior-manager-consulting-at-ey-4427336366,"Technology Consulting Senior Manager, Consulting",EY,posted,2026-07-08T16:21:48.779356,205
4803e4938bee41d1,https://az.linkedin.com/jobs/view/medical-insurens-4434817826,medical insurens,The State Agency on Mandatory Health Insurance,posted,2026-07-08T16:22:00.995394,207
4d063d6f3d1b090f,https://az.linkedin.com/jobs/view/audit-manager-audit-senior-manager-at-deloitte-4434852435,Audit Manager | Audit Senior Manager,Deloitte,posted,2026-07-08T16:22:14.996909,209
2e37009fd81bc126,https://az.linkedin.com/jobs/view/analyst-senior-analyst-associate-manager-marketing-analytics-bangkok-based-relocation-provided-at-agoda-4410546408,"Analyst/Senior Analyst/Associate Manager, Marketing Analytics (Bangkok Based, relocation provided)",Agoda,posted,2026-07-08T16:22:31.944025,211
1475353fa3666e54,https://az.linkedin.com/jobs/view/middle%2B-fullstack-qa-engineer-at-emerging-travel-group-4438289203,Middle+ Fullstack QA Engineer,Emerging Travel Group,posted,2026-07-08T21:54:25.027012,213
6ff939b7aafa2d9d,https://az.linkedin.com/jobs/view/senior-accountant-at-sigma-technical-services-llc-4434819774,Senior Accountant,Sigma Technical Services LLC,posted,2026-07-08T21:55:13.210150,215
a6a747f59f50c445,https://az.linkedin.com/jobs/view/middle%2B-ai-agentic-qa-automation-engineer-at-a1qa-4434828218,Middle+ AI Agentic QA Automation Engineer,a1qa,posted,2026-07-08T21:55:28.263924,217
9a08fbe8d228c99c,https://az.linkedin.com/jobs/view/tech-lead-at-xsolla-4348295391,Tech Lead,Xsolla,posted,2026-07-08T21:56:07.430264,219
80841aec9ba87c68,https://az.linkedin.com/jobs/view/senior-agricultural-insurance-and-rural-finance-expert-at-ntu-international-a-s-4436315305,Senior Agricultural Insurance and Rural Finance Expert,,scraped,2026-07-08T21:56:09.982144,
21e354ed915bd7b3,https://az.linkedin.com/jobs/view/consultant-software-asset-management-at-deloitte-4434863042,"Consultant, Software Asset Management",Deloitte,posted,2026-07-08T21:56:30.477366,221
8f3a2e9248474973,https://az.linkedin.com/jobs/view/lead-electrical-instrument-engineer-baku-expat-at-pd-ms-group-4431512153,Lead Electrical & Instrument Engineer (Baku Expat),,scraped,2026-07-08T21:56:33.197772,
e3c12f832cf6b56b,https://az.linkedin.com/jobs/view/mikro-kreditl%C9%99rin-monitorinqi-b%C3%B6lm%C9%99sinin-ba%C5%9F-m%C3%BCt%C9%99x%C9%99ssisi-apar%C4%B1c%C4%B1-m%C3%BCt%C9%99x%C9%99ssisi-at-unibank-4437308592,Mikro kreditlərin monitorinqi bölməsinin Baş Mütəxəssisi/Aparıcı Mütəxəssisi,,scraped,2026-07-09T10:34:38.593931,
81a205f720318432,https://az.linkedin.com/jobs/view/ba%C5%9F-m%C3%BCt%C9%99x%C9%99ssis-strateji-planla%C5%9Fd%C4%B1rma-v%C9%99-layih%C9%99l%C9%99rin-idar%C9%99olunmas%C4%B1-%C5%9F%C3%B6b%C9%99si-at-azergold-%E2%80%8B-cjsc-4435645235,Baş mütəxəssis / Strateji planlaşdırma və layihələrin idarəolunması şöbəsi,,scraped,2026-07-09T10:34:45.355099,
ed781b0a895b3b8f,https://az.linkedin.com/jobs/view/sektor-m%C3%BCdiri-daxili-n%C9%99zar%C9%99t-%C5%9F%C3%B6b%C9%99si-etika-v%C9%99-uy%C4%9Funluq-sektoru-at-azergold-%E2%80%8B-cjsc-4435640706,Sektor müdiri / Daxili Nəzarət Şöbəsi / Etika və uyğunluq sektoru,,scraped,2026-07-09T10:34:52.751800,
085e5baab8d6e726,https://az.linkedin.com/jobs/view/ba%C5%9F-m%C3%BCt%C9%99x%C9%99ssis-layih%C9%99nin-x%C9%99rcl%C9%99ri-riskl%C9%99ri-v%C9%99-hesabatlar%C4%B1-%C3%BCzr%C9%99-strateji-planla%C5%9Fd%C4%B1rma-v%C9%99-layih%C9%99l%C9%99rin-idar%C9%99olunmas%C4%B1-%C5%9F%C3%B6b%C9%99si-at-azergold-%E2%80%8B-cjsc-4435648091,"Baş mütəxəssis (Layihənin xərcləri, riskləri və hesabatları üzrə) / Strateji planlaşdırma və layihələrin idarəolunması şöbəsi",,scraped,2026-07-09T10:35:00.158791,
22bfbfa603673bfd,https://az.linkedin.com/jobs/view/ba%C5%9F-m%C3%BCt%C9%99x%C9%99ssis-strateji-planla%C5%9Fd%C4%B1rma-v%C9%99-layih%C9%99l%C9%99rin-idar%C9%99olunmas%C4%B1-%C5%9F%C3%B6b%C9%99si-at-azergold-%E2%80%8B-cjsc-4435628999,Baş mütəxəssis / Strateji planlaşdırma və layihələrin idarəolunması şöbəsi,,scraped,2026-07-09T10:35:07.481756,
d98a812d2e3c74f2,https://az.linkedin.com/jobs/view/ekvayrinq-partnyorlarla-i%CC%87%C5%9F-%C3%BCzr%C9%99-m%C3%BCt%C9%99x%C9%99ssis-at-unibank-4437307588,Ekvayrinq Partnyorlarla İş üzrə mütəxəssis,,scraped,2026-07-09T10:35:23.095321,
8a554016f1905166,https://az.linkedin.com/jobs/view/license-owner-operator-baku-at-stranger-soccer-4438195134,"License Owner / Operator, Baku",,scraped,2026-07-09T10:35:29.656914,
6deb693054c42723,https://az.linkedin.com/jobs/view/komplayens-departamentinin-komplayens-riskl%C9%99rinin-idar%C9%99-edilm%C9%99si-v%C9%99-monitorinq-%C5%9F%C3%B6b%C9%99sinin-m%C3%BCt%C9%99x%C9%99ssisi-apar%C4%B1c%C4%B1-m%C3%BCt%C9%99x%C9%99ssisi-at-life-at-bir-4436095630,Komplayens departamentinin Komplayens risklərinin idarə edilməsi və monitorinq şöbəsinin Mütəxəssisi/Aparıcı Mütəxəssisi,,scraped,2026-07-09T10:35:36.346705,
48f6cf6c96f94d86,https://az.linkedin.com/jobs/view/geotexnik-m%C3%BCh%C9%99ndisi-da%C4%9F-m%C9%99d%C9%99n-v%C9%99-emal-sah%C9%99l%C9%99rinin-idar%C9%99edilm%C9%99si-%C5%9F%C3%B6b%C9%99si-emal-sektoru-at-azergold-%E2%80%8B-cjsc-4435643318,Geotexnik mühəndisi / Dağ-mədən və emal sahələrinin idarəedilməsi şöbəsi / Emal sektoru,,scraped,2026-07-09T10:35:46.786321,
60018c454a271c7e,https://az.linkedin.com/jobs/view/s%C9%99t%C9%99m-%C3%BCzr%C9%99-m%C3%BCt%C9%99x%C9%99ssis-qeyri-filiz-yataqlar%C4%B1n%C4%B1n-istismar%C4%B1-idar%C9%99si-s%C9%99t%C9%99m-at-azergold-%E2%80%8B-cjsc-4435635895,SƏTƏM üzrə mütəxəssis / Qeyri-filiz yataqlarının istismarı idarəsi (SƏTƏM),,scraped,2026-07-09T10:35:56.059133,
d12992e02c8f1bf2,https://az.linkedin.com/jobs/view/b2b-sales-manager-at-ultra-technologies-4435641768,B2B sales manager,,scraped,2026-07-09T10:36:09.409466,
2211e393338ddb01,https://az.linkedin.com/jobs/view/sales-executive-at-arkas-logistics-4437796559,Sales Executive,Arkas Logistics,posted,2026-07-09T10:37:14.008120,223
04c15fb8ebe76558,https://az.linkedin.com/jobs/view/vi%CC%87p-m%C3%BC%C5%9Ft%C9%99ril%C9%99rl%C9%99-i%C5%9F-%C5%9F%C3%B6b%C9%99sinin-m%C3%BC%C5%9Ft%C9%99ri-meneceri-apar%C4%B1c%C4%B1-m%C3%BC%C5%9Ft%C9%99ri-meneceri-ba%C5%9F-m%C3%BC%C5%9Ft%C9%99ri-meneceri-at-abb-4438577958,VİP müştərilərlə iş şöbəsinin müştəri meneceri / aparıcı müştəri meneceri / baş müştəri meneceri,,scraped,2026-07-09T10:37:16.609551,
62dec9d83fd77131,https://az.linkedin.com/jobs/view/human-resources-coordinator-at-iota-group-4436363400,Human Resources Coordinator,,scraped,2026-07-09T10:37:23.256581,
768c44dcdc0ad9bb,https://az.linkedin.com/jobs/view/respect-solutions-komandas%C4%B1na-data-analitik-axtar%C4%B1r%C4%B1q-at-respect-solutions-4435645993,Respect Solutions komandasına Data Analitik axtarırıq.,,scraped,2026-07-09T10:37:32.293817,
f77857053bde4e95,https://az.linkedin.com/jobs/view/bms-technician-at-gen-pharma-caucasus-manufacturing-operations-4432766763,BMS Technician,GEN PHARMA CAUCASUS MANUFACTURING OPERATIONS,posted,2026-07-09T10:38:19.475928,225
c12462a0fe19fc21,https://az.linkedin.com/jobs/view/senior-python-data-scraping-engineer-freelance-at-mindrift-4438599697,Senior Python Data Scraping Engineer (Freelance),Mindrift,posted,2026-07-09T10:38:24.308585,195
31397092e967124d,https://az.linkedin.com/jobs/view/senior-cyber-fraud-prevention-specialist-at-life-at-bir-4435628763,Senior Cyber Fraud Prevention Specialist,,scraped,2026-07-09T10:38:28.717419,
2647231ce75e81fb,https://az.linkedin.com/jobs/view/onshore-package-hse-lead-at-airswift-4434841683,Onshore package HSE Lead,Airswift,posted,2026-07-09T10:38:44.273522,227
a8109cf51a8004d8,https://az.linkedin.com/jobs/view/kurdish-language-expert-remote-at-yo-it-consulting-4435720321,Kurdish Language Expert - Remote,,scraped,2026-07-09T10:38:52.929758,
e846677055f88568,https://az.linkedin.com/jobs/view/senior-agricultural-statistics-expert-at-ntu-international-a-s-4437761723,Senior Agricultural Statistics Expert,,scraped,2026-07-09T10:39:03.361083,
42f5c0f088fdd988,https://az.linkedin.com/jobs/view/senior-survey-methodology-expert-at-ntu-international-a-s-4437824179,Senior Survey Methodology Expert,,scraped,2026-07-09T10:39:10.724199,
a9ef942da361e567,https://az.linkedin.com/jobs/view/senior-backend-engineer-at-tabby-%D8%AA%D8%A7%D8%A8%D9%8A-4418930551,Senior Backend Engineer,,scraped,2026-07-09T10:39:18.017783,
ec518b26dd78465b,https://az.linkedin.com/jobs/view/senior-qa-automation-engineer-at-a1qa-4434831539,Senior QA Automation Engineer,a1qa,posted,2026-07-09T10:39:33.827994,229
42b32f143c40ab75,https://az.linkedin.com/jobs/view/bartender-at-the-merchant-baku-4435673821,Bartender,The Merchant Baku,posted,2026-07-09T18:31:39.613691,231
6531981d8c53793a,https://az.linkedin.com/jobs/view/customer-relationship-management-administrator-at-group-of-companies-at-baku-city-residences-4435669694,Customer Relationship Management Administrator,Group of Companies at Baku City Residences,posted,2026-07-09T18:31:56.646162,233
12bd4fabfbd5f13c,https://az.linkedin.com/jobs/view/warehouse-specialist-at-gen-pharma-caucasus-manufacturing-operations-4435659873,Warehouse Specialist,GEN PHARMA CAUCASUS MANUFACTURING OPERATIONS,posted,2026-07-09T18:32:14.521370,235
d88ec70fb6ec0972,https://az.linkedin.com/jobs/view/operation-coordinator-at-aceolution-4437548540,Operation Coordinator,Aceolution,posted,2026-07-09T18:32:28.877328,237
fe2888c411374ec0,https://az.linkedin.com/jobs/view/xidm%C9%99t-b%C3%B6lm%C9%99sinin-ki%C3%A7ik-eksperti-at-bank-of-baku-ojsc-4433790698,Xidmət bölməsinin kiçik eksperti,,scraped,2026-07-09T18:32:35.568083,
22adec2021cd2dbe,https://az.linkedin.com/jobs/view/support-associate-full-time-at-wolt-4436019683,Support Associate - Full time,,scraped,2026-07-09T18:32:47.633327,
24bd161e84c9115b,https://az.linkedin.com/jobs/view/copywriter-at-frazex-4435669315,Copywriter,,scraped,2026-07-09T18:32:57.254215,
cc71f4cafb7c46d1,https://az.linkedin.com/jobs/view/head-of-the-landscaping-division-ya%C5%9F%C4%B1lla%C5%9Fd%C4%B1rma-%C3%BCzr%C9%99-%C5%9F%C3%B6b%C9%99-m%C3%BCdiri-at-foton-llc-4436302370,Head of the Landscaping Division(Yaşıllaşdırma üzrə şöbə müdiri),FOTON LLC,posted,2026-07-09T18:33:29.769270,239
39384a63479615e3,https://az.linkedin.com/jobs/view/accounting-specialist-receivables-at-avis-azerbaijan-4413039806,Accounting Specialist - Receivables,,scraped,2026-07-09T18:33:34.353127,
74b6a9271a8eb3f8,https://az.linkedin.com/jobs/view/instructor-for-fitness-for-service-api-579-overview-at-iss-international-spa-4437063212,"Instructor for ""Fitness for service (API 579) overview""",,scraped,2026-07-09T18:33:41.371608,
d6803d8a9a6ce63f,https://az.linkedin.com/jobs/view/auto-body-technician-at-gerber-collision-glass-4436849538,Auto Body Technician,Gerber Collision & Glass,posted,2026-07-09T18:34:08.170296,241
1e8d9ba2181b19b7,https://az.linkedin.com/jobs/view/instructor-for-regulatory-compliance-hse-api-at-iss-international-spa-4437068212,"Instructor for ""Regulatory & Compliance (HSE/API)""",,scraped,2026-07-09T18:34:12.782462,
72b55d0298649e6a,https://az.linkedin.com/jobs/view/financial-analyst-intern-at-montfortlab-4435608124,Financial Analyst Intern,Montfortlab,posted,2026-07-09T18:34:44.979787,243
c8a9b332b7c4b76a,https://az.linkedin.com/jobs/view/warehouse-operator-at-gen-pharma-caucasus-manufacturing-operations-4435664726,Warehouse Operator,GEN PHARMA CAUCASUS MANUFACTURING OPERATIONS,posted,2026-07-09T18:35:07.892307,245
10b21aac3395ece1,https://az.linkedin.com/jobs/view/business-analyst-intern-at-montfortlab-4435670127,Business Analyst Intern,Montfortlab,posted,2026-07-09T18:35:35.537821,247
9e43536881d7b13e,https://az.linkedin.com/jobs/view/instructor-for-rbi-api-580-581-overview-at-iss-international-spa-4437048679,"Instructor for ""RBI (API 580/581) overview""",,scraped,2026-07-09T18:35:38.217087,
0f8b3ccee6399609,https://az.linkedin.com/jobs/view/torna%C3%A7%C4%B1-at-metak-llc-4437922488,Tornaçı,METAK LLC,posted,2026-07-09T23:58:33.902110,249
a49bc4890030d1d5,https://az.linkedin.com/jobs/view/f%C9%99hl%C9%99-at-metak-llc-4437903971,Fəhlə,METAK LLC,posted,2026-07-09T23:58:58.232981,251
7d55df4392a0b5be,https://az.linkedin.com/jobs/view/yar%C4%B1mavtomat-qaynaq%C3%A7%C4%B1s%C4%B1-hac%C4%B1qabul-at-azerlime-llc-4438255400,Yarımavtomat qaynaqçısı (Hacıqabul),,scraped,2026-07-09T23:59:26.610085,
b93d1489c49c0b1b,https://az.linkedin.com/jobs/view/director-at-capital-com-4396348439,Director,,scraped,2026-07-09T23:59:32.692436,
11cd6bf1cc845649,https://az.linkedin.com/jobs/view/sayt-etibarl%C4%B1l%C4%B1%C4%9F%C4%B1-m%C3%BCh%C9%99ndisliyi-%C3%BCzr%C9%99-ba%C5%9F-m%C3%BCh%C9%99ndis-at-abb-4427910603,Sayt etibarlılığı mühəndisliyi üzrə baş mühəndis,,scraped,2026-07-10T00:00:03.876509,
76f15ce95e66014b,https://az.linkedin.com/jobs/view/senior-project-manager-at-pd-ms-group-4433140979,Senior Project Manager,,scraped,2026-07-10T00:00:14.521802,
a1abcb67528999be,https://az.linkedin.com/jobs/view/penetration-tester-4435692825,Penetration Tester,,posted,2026-07-10T00:00:52.198848,253
b922e0f2a14d263f,https://az.linkedin.com/jobs/view/sat%C4%B1%C5%9F-eleman%C4%B1-at-mi%CC%87l-agency-4313232574,Satış Elemanı,MİL Agency,posted,2026-07-10T00:01:04.192002,255
bcca4bb16c65f1a3,https://az.linkedin.com/jobs/view/forward-deployed-engineer-at-wonderful-4435911098,Forward Deployed Engineer,,scraped,2026-07-10T00:01:10.834820,
959b487b28bf4151,https://az.linkedin.com/jobs/view/junior-application-security-specialist-at-xsolla-4434522887,Junior Application Security Specialist,Xsolla,posted,2026-07-10T00:01:29.986158,257
b541c48a835fb5ae,https://az.linkedin.com/jobs/view/kiber-h%C3%BCcumlar%C4%B1n-simulyasiyas%C4%B1-%C3%BCzr%C9%99-ba%C5%9F-m%C3%BCt%C9%99x%C9%99ssis-at-abb-4438621485,Kiber hücumların simulyasiyası üzrə baş mütəxəssis,,scraped,2026-07-10T00:01:32.605653,
cf7993b4bd40801f,https://az.linkedin.com/jobs/view/lead-instrument-engineer-at-wood-4438663360,Lead Instrument Engineer,Wood,posted,2026-07-10T00:03:01.210695,259
b85178372187ad79,https://az.linkedin.com/jobs/view/senior-backend-developer-golang-it-hybrid-at-azercell-telecom-llc-4436539075,Senior Backend Developer (Golang) - IT/Hybrid,,scraped,2026-07-10T00:03:03.818630,
be265929f95c37d0,https://az.linkedin.com/jobs/view/ba%C5%9F-m%C3%BCt%C9%99x%C9%99ssis-strateji-planla%C5%9Fd%C4%B1rma-v%C9%99-layih%C9%99l%C9%99rin-idar%C9%99olunmas%C4%B1-%C5%9F%C3%B6b%C9%99si-at-azergold-%E2%80%8B-cjsc-4435947852,Baş mütəxəssis / Strateji planlaşdırma və layihələrin idarəolunması şöbəsi,,scraped,2026-07-10T11:26:58.285036,
17850dd0bc4e26ac,https://az.linkedin.com/jobs/view/maliyy%C9%99-hesabatl%C4%B1%C4%9F%C4%B1-v%C9%99-m%C3%BChasibatl%C4%B1q-departamentinin-daxili-m%C3%BChasibatl%C4%B1q-%C5%9F%C3%B6b%C9%99sinin-m%C3%BCt%C9%99x%C9%99ssisi-at-life-at-bir-4436828581,Maliyyə hesabatlığı və mühasibatlıq departamentinin Daxili mühasibatlıq şöbəsinin mütəxəssisi,,scraped,2026-07-10T11:27:09.717233,
aa12979d074d6ca0,https://az.linkedin.com/jobs/view/s%C9%99t%C9%99m-%C3%BCzr%C9%99-m%C3%BCh%C9%99ndis-qeyri-filiz-yataqlar%C4%B1n%C4%B1n-istismar%C4%B1-idar%C9%99si-s%C9%99t%C9%99m-at-azergold-%E2%80%8B-cjsc-4435647115,SƏTƏM üzrə mühəndis / Qeyri-filiz yataqlarının istismarı idarəsi (SƏTƏM),,scraped,2026-07-10T11:27:16.390853,
facbec4061b70b3e,https://az.linkedin.com/jobs/view/%C5%9F%C9%99b%C9%99k%C9%99-%C9%99m%C9%99liyyatlar%C4%B1-b%C3%B6lm%C9%99sinin-m%C3%BCt%C9%99x%C9%99ssisi-at-unibank-4437319271,Şəbəkə Əməliyyatları Bölməsinin Mütəxəssisi,,scraped,2026-07-10T11:27:23.731389,
32f5f0d96962c17f,https://az.linkedin.com/jobs/view/%C5%9Firvan-filial%C4%B1-%C3%BCzr%C9%99-problemli-kredit-m%C3%BCt%C9%99x%C9%99ssisi-at-rabitabank-ojsc-4437965476,Şirvan filialı üzrə Problemli kredit mütəxəssisi,,scraped,2026-07-10T11:27:40.351421,
9391ac70bd39bcca,https://az.linkedin.com/jobs/view/content-support-specialist-at-emerging-travel-group-4438660698,Content Support Specialist,Emerging Travel Group,posted,2026-07-10T11:28:05.028202,261
7ee4d9d64dabf93b,https://az.linkedin.com/jobs/view/junior-electrical-design-engineer-elv-design-department-at-portbim-4435977469,Junior Electrical Design Engineer (ELV) - Design Department,,scraped,2026-07-10T11:28:07.623938,
adeba245f283c2cf,https://az.linkedin.com/jobs/view/torna%C3%A7%C4%B1-hac%C4%B1qabul-at-azerlime-llc-4438258360,Tornaçı (Hacıqabul),,scraped,2026-07-10T11:28:15.038621,
f8a5a1b21eef8eaa,https://az.linkedin.com/jobs/view/data-analyst-ecosystem-development-and-analytics-department-at-life-at-bir-4437583489,Data Analyst - Ecosystem development and analytics department,,scraped,2026-07-10T11:28:20.980727,
9a6c55520779c385,https://az.linkedin.com/jobs/view/enterprise-ai-architect-at-pasha-holding-llc-4437797874,Enterprise AI Architect,,scraped,2026-07-10T11:28:27.631596,
f729666503c667a7,https://az.linkedin.com/jobs/view/lead-specialist-of-learning-and-development-at-life-at-bir-4435467768,Lead Specialist of Learning and Development,,scraped,2026-07-10T11:28:34.697183,
8e034af5a31cb441,https://az.linkedin.com/jobs/view/fcc-operator-at-smart-solutions-group-4439026384,FCC Operator,,scraped,2026-07-10T11:28:43.265068,
c5e3fc7b4378e538,https://az.linkedin.com/jobs/view/driving-range-supervisor-at-azersun-holding-4433928154,Driving Range Supervisor,,scraped,2026-07-10T11:28:50.685831,
87d22a5061e74f2e,https://az.linkedin.com/jobs/view/accountant-at-talent-hunt-4435669599,Accountant,Talent Hunt,posted,2026-07-10T11:29:17.915291,263
6fd2765fcefc1d6a,https://az.linkedin.com/jobs/view/sales-marketing-manager-at-hotels-group-4435940922,Sales Marketing Manager,Hotels Group,posted,2026-07-10T11:29:34.196331,265
213418d2eb3f8617,https://az.linkedin.com/jobs/view/kalite-i%CC%87%C5%9F-sa%C4%9Fl%C4%B1%C4%9F%C4%B1-g%C3%BCvenli%C4%9Fi-ve-%C3%A7evre-qhse-uzman%C4%B1-at-freyssinet-azerbaijan-llc-4435945661,"Kalite, İş Sağlığı Güvenliği ve Çevre (QHSE) Uzmanı",,scraped,2026-07-10T11:29:36.800858,
128bc24645736017,https://az.linkedin.com/jobs/view/fit-out-i%CC%87%C5%9Fl%C9%99ri-%C3%BCzr%C9%99-keyfiyy%C9%99t%C9%99-n%C9%99zar%C9%99t-m%C3%BCh%C9%99ndisi-at-sea-breeze-careers-4435977355,Fit-Out İşləri üzrə Keyfiyyətə Nəzarət Mühəndisi,Sea Breeze Careers,posted,2026-07-10T11:29:50.861348,267
b40bbb09c64ac484,https://az.linkedin.com/jobs/view/m%C3%BC%C5%9Ft%C9%99ri-%C9%99laq%C9%99l%C9%99rinin-i%CC%87dar%C9%99-edilm%C9%99si-m%C9%99rk%C9%99zind%C9%99-m%C3%BCt%C9%99x%C9%99ssis-call-center-at-azerturkbank-4437964926,Müştəri Əlaqələrinin İdarə Edilməsi Mərkəzində mütəxəssis (call center),,scraped,2026-07-10T11:29:55.394953,
4916c99d8666c6f5,https://az.linkedin.com/jobs/view/junior-senior-electrical-engineer-at-tekfen-engineering-4437383783,Junior & Senior Electrical Engineer,Tekfen Engineering,posted,2026-07-10T11:30:25.162289,269
2f3f5459806a2695,https://az.linkedin.com/jobs/view/m%C3%BCst%C9%99qil-b2b-sat%C4%B1%C5%9F-t%C9%99r%C9%99fda%C5%9F%C4%B1-i%CC%87lk-layih%C9%99d%C9%99-50%25-komissiya-at-creamaxi-dijital-4435693222,Müstəqil B2B Satış Tərəfdaşı | İlk Layihədə 50% Komissiya,,scraped,2026-07-10T11:30:27.835530,
f913514000bb877a,https://az.linkedin.com/jobs/view/senior-analyst-associate-manager-marketing-strategy-bangkok-based-relocation-provided-at-agoda-4410537793,"Senior Analyst/ Associate Manager, Marketing Strategy (Bangkok based/ Relocation provided)",Agoda,posted,2026-07-10T11:30:46.981359,271
1001ef39fa4116d9,https://az.linkedin.com/jobs/view/marketing-manager-cis-at-binance-4408990704,Marketing Manager - CIS,Binance,posted,2026-07-10T11:31:24.710975,273
6c3bda59ba3591d2,https://az.linkedin.com/jobs/view/infrastructure-identity-security-architect-at-life-at-bir-4437953641,Infrastructure & Identity Security Architect,,scraped,2026-07-10T11:31:35.365013,
bb585364ab1afb06,https://az.linkedin.com/jobs/view/n%C9%99qliyyat-m%C3%BCt%C9%99x%C9%99ssisi-at-veyseloglu-llc-4438335240,Nəqliyyat Mütəxəssisi,,scraped,2026-07-10T18:13:28.374321,
7a2082d495951aca,https://az.linkedin.com/jobs/view/fortinet-product-manager-at-muk-4436035890,Fortinet Product Manager,,scraped,2026-07-10T18:13:47.411667,
ec90b14af737c861,https://az.linkedin.com/jobs/view/at-your-service-agent-local-at-marriott-international-4437913606,At Your Service Agent (Local),Marriott International,posted,2026-07-10T18:14:21.861367,275
8998262792386899,https://az.linkedin.com/jobs/view/ap-accountant-at-baker-hughes-4439082827,AP Accountant,Baker Hughes,posted,2026-07-10T18:14:40.623581,277
0209959bc7cb1b7b,https://az.linkedin.com/jobs/view/group-financial-controller-at-tribu-search-4437071284,Group Financial Controller,,scraped,2026-07-10T18:14:47.223008,
873590959fb8c6b0,https://az.linkedin.com/jobs/view/network-intern-at-life-at-bir-4437995619,Network Intern,,scraped,2026-07-10T18:14:59.440142,
cbf8b8ce015d5b10,https://az.linkedin.com/jobs/view/%C9%99m%C9%99liyyat-b%C3%B6lm%C9%99sinin-ki%C3%A7ik-eksperti-at-bank-of-baku-ojsc-4435995772,Əməliyyat bölməsinin kiçik eksperti,,scraped,2026-07-10T18:15:06.186031,
59268052bea175c3,https://az.linkedin.com/jobs/view/erp-specialist-at-metak-llc-4437925166,ERP specialist,METAK LLC,posted,2026-07-10T18:15:47.576421,279
37db847b8efd4087,https://az.linkedin.com/jobs/view/head-of-bid-management-at-tav-technologies-4435994051,Head of Bid Management,,scraped,2026-07-10T18:15:50.247305,
23905af9178f5fe5,https://az.linkedin.com/jobs/view/sosial-media-marketinq-menecer-at-iomedia-4434833678,Sosial Media Marketinq Menecer,,scraped,2026-07-10T18:16:06.621234,
c7e4363709df560d,https://az.linkedin.com/jobs/view/regional-sales-manager-at-palo-alto-networks-4399527871,Regional Sales Manager,Palo Alto Networks,posted,2026-07-10T18:16:33.665508,281
dbb174ce683df428,https://az.linkedin.com/jobs/view/turkish-to-english-medical-interpreter-at-private-sector-4439077558,Turkish to English Medical Interpreter,Private sector,posted,2026-07-10T18:16:46.926068,283
a09c169c4c8a745b,https://az.linkedin.com/jobs/view/t%C9%99cr%C3%BCb%C9%99li-h%C9%99kiml%C9%99r-axtarilir%21-at-bioloji-t%C9%99bab%C9%99t-i%CC%87nteqrativ-m%C3%BCalic%C9%99-m%C9%99rk%C9%99zi-4439089029,TƏCRÜBƏLI HƏKIMLƏR AXTARILIR!,,scraped,2026-07-10T18:16:53.463074,
27f404e949e9c18f,https://az.linkedin.com/jobs/view/digital-marketing-intern-at-montfortlab-4435955660,Digital Marketing Intern,Montfortlab,posted,2026-07-10T18:17:17.545544,82
4d9f3ad5bcf223d9,https://az.linkedin.com/jobs/view/%C3%BCmumi-audit-%C5%9F%C3%B6b%C9%99sinin-ki%C3%A7ik-auditoru-at-bank-of-baku-ojsc-4436606652,Ümumi audit şöbəsinin kiçik auditoru,,scraped,2026-07-10T18:17:26.119539,
459c5858833f3d85,https://az.linkedin.com/jobs/view/business-development-manager-for-international-student-recruitment-at-global-university-systems-4402272501,Business Development Manager for International Student Recruitment,,scraped,2026-07-10T18:17:34.263150,
8dcdf241253de97c,https://az.linkedin.com/jobs/view/adra-n%C4%B1n-sabah-qruplar%C4%B1nda-2022-2023-c%C3%BC-t%C9%99dris-ilinin-pay%C4%B1z-semestrind%C9%99-vakant-yerl%C9%99r-%C3%BC%C3%A7%C3%BCn-m%C3%BCsabiq%C9%99-elan-olunur-at-azerbaijan-state-academy-of-fine-arts-4439335102,ADRA-nın SABAH qruplarında 2022/2023-cü tədris ilinin payız semestrində vakant yerlər üçün müsabiqə elan olunur.,Azerbaijan State Academy of Fine Arts,posted,2026-07-10T18:18:17.664209,285
89dc9b8dab1813b0,https://az.linkedin.com/jobs/view/back-office-compliance-executive-at-aceolution-4436094268,Back Office / Compliance Executive,Aceolution,posted,2026-07-10T18:18:35.505828,287
3036ca0ba62a3a22,https://az.linkedin.com/jobs/view/sabah-qruplar%C4%B1na-2023-2024-c%C3%BC-t%C9%99dris-ili-%C3%BC%C3%A7%C3%BCn-imtahan-tarixi-t%C9%99yin-olundu%21-at-azerbaijan-state-academy-of-fine-arts-4439314902,SABAH qruplarına 2023/2024-cü tədris ili üçün imtahan tarixi təyin olundu!,Azerbaijan State Academy of Fine Arts,posted,2026-07-10T18:18:59.104672,289
bc8f489ec1312a09,https://az.linkedin.com/jobs/view/doktorantura-v%C9%99-dissertanturaya-s%C9%99n%C9%99d-q%C9%99bulu-at-azerbaijan-state-academy-of-fine-arts-4439335098,Doktorantura və Dissertanturaya sənəd qəbulu.,Azerbaijan State Academy of Fine Arts,posted,2026-07-10T18:19:19.057850,291
04fa83321ccdca4f,https://az.linkedin.com/jobs/view/producer-at-euronews-4435980560,Producer,,scraped,2026-07-10T18:19:29.740973,
f1e5a613e91ab0c0,https://az.linkedin.com/jobs/view/korporativ-h%C3%BCquq-%C5%9F%C3%B6b%C9%99sinin-h%C3%BCquq%C5%9F%C3%BCnas%C4%B1-at-unibank-4437917528,Korporativ hüquq şöbəsinin Hüquqşünası,,scraped,2026-07-10T23:37:08.683213,
a46cc244a1935478,https://az.linkedin.com/jobs/view/middle-senior-product-owner-at-afeagroup-4435680438,Middle/Senior Product Owner,AfeaGroup,posted,2026-07-10T23:37:45.349047,293
6bf9260606cd6f73,https://az.linkedin.com/jobs/view/business-development-manager-for-international-student-recruitment-at-global-university-systems-4439058511,Business Development Manager for International Student Recruitment,,scraped,2026-07-10T23:37:57.979071,
6021f3ad4bd5fcbc,https://az.linkedin.com/jobs/view/middle-c%23-developer-design-development-department-at-portbim-4435971587,Middle C# Developer - Design Development Department,,scraped,2026-07-10T23:38:24.562529,
13a8b6cda3b2fc3c,https://az.linkedin.com/jobs/view/business-analyst-sustainability-at-deloitte-4435942736,"Business Analyst, Sustainability",Deloitte,posted,2026-07-10T23:38:54.517749,295
a30750be0a981be0,https://az.linkedin.com/jobs/view/creative-content-manager-at-mediagraph-4435977322,Creative Content Manager,Mediagraph,posted,2026-07-10T23:39:21.395390,297
a5cd0de1a418dabb,https://az.linkedin.com/jobs/view/mathematics-teacher-at-sabis%C2%AE-sun-international-school-%E2%80%94-baku-4439309967,Mathematics Teacher,SABIS® SUN International School — Baku,posted,2026-07-10T23:39:43.041121,299
2c01839e1eb8e01d,https://az.linkedin.com/jobs/view/avigilon-business-development-manager-at-muk-4437984137,Avigilon Business Development Manager,,scraped,2026-07-10T23:39:47.692349,
837400ddee14eaff,https://az.linkedin.com/jobs/view/site-supervisor-at-w%C3%A4rtsil%C3%A4-4438663166,Site supervisor,,scraped,2026-07-10T23:39:58.182323,
6384b922a1099eb5,https://az.linkedin.com/jobs/view/yar%C4%B1mavtomat-qaynaq%C3%A7%C4%B1s%C4%B1-hac%C4%B1qabul-at-azerlime-llc-4438258360,Yarımavtomat qaynaqçısı (Hacıqabul),,scraped,2026-07-10T23:40:08.564788,
364774caa49c6b46,https://az.linkedin.com/jobs/view/software-engineer-intern-at-prepare-sh-4439357846,Software Engineer Intern,Prepare.sh,posted,2026-07-10T23:40:41.727262,301
4675d55fd6660be9,https://az.linkedin.com/jobs/view/bankdaxili-sisteml%C9%99r-b%C3%B6lm%C9%99sinin-ki%C3%A7ik-ekspert-at-bank-of-baku-ojsc-4435991923,Bankdaxili sistemlər bölməsinin kiçik ekspert,,scraped,2026-07-10T23:40:46.264548,
003807559fce2b4d,https://az.linkedin.com/jobs/view/r%C9%99q%C9%99msal-hard-collection-qrupunun-m%C3%BCt%C9%99x%C9%99ssisi-at-pasha-bank-ojsc-4435988419,Rəqəmsal hard collection qrupunun mütəxəssisi,PASHA Bank OJSC,posted,2026-07-10T23:41:30.833505,303
96385da935f9eea8,https://az.linkedin.com/jobs/view/adra-n%C4%B1n-sabah-qruplar%C4%B1nda-2022-2023-c%C3%BC-t%C9%99dris-ilinin-pay%C4%B1z-semestrind%C9%99-m%C3%BC%C9%99llim-q%C9%99bulu-%C3%BCzr%C9%99-son-qeydiyyat-tarixi-27-06-2022-saat-00-00-d%C9%99k-uzad%C4%B1ld%C4%B1-at-azerbaijan-state-academy-of-fine-arts-4439318621,ADRA-nın SABAH qruplarında 2022/2023-cü tədris ilinin payız semestrində müəllim qəbulu üzrə son qeydiyyat tarixi 27.06.2022 saat 00:00-dək uzadıldı.,Azerbaijan State Academy of Fine Arts,posted,2026-07-10T23:41:53.954271,305
044f1221610ad0dd,https://az.linkedin.com/jobs/view/sat%C4%B1%C5%9F-meneceri-at-azfilter-llc-sherin-group-4436610795,Satış meneceri,,scraped,2026-07-10T23:41:58.535788,
e846259602182402,https://az.linkedin.com/jobs/view/analyst-senior-analyst-b2b-digital-marketing-bangkok-based-relocation-provided-at-agoda-4420285521,"Analyst/Senior Analyst, B2B Digital Marketing (Bangkok Based, relocation provided)",Agoda,posted,2026-07-10T23:42:25.113116,307
8584fcb51d73b103,https://az.linkedin.com/jobs/view/senior-analyst-app-marketing-bangkok-based-relocation-provided-at-agoda-4410549142,"Senior Analyst, App Marketing (Bangkok Based, Relocation Provided)",Agoda,posted,2026-07-10T23:42:42.427346,309
00a2c79c4c2a7564,https://az.linkedin.com/jobs/view/senior-electrical-design-engineer-design-department-at-portbim-4435974580,Senior Electrical Design Engineer - Design Department,,scraped,2026-07-10T23:42:45.005140,
a0e669868c5d1db2,https://az.linkedin.com/jobs/view/intern-c%23-developer-design-development-department-at-portbim-4435980445,Intern C# Developer - Design Development Department,,scraped,2026-07-10T23:42:52.597838,
5851a2b3f4f56893,https://az.linkedin.com/jobs/view/associate-manager-marketing-strategy-bangkok-based-relocation-provided-at-agoda-4410540800,"Associate Manager, Marketing Strategy (Bangkok Based, relocation provided)",Agoda,posted,2026-07-10T23:43:36.841236,311
3f91b2103d393d83,https://az.linkedin.com/jobs/view/analyst-senior-analyst-pricing-marketing-bangkok-based-relocation-provided-at-agoda-4410539672,"Analyst/ Senior Analyst, Pricing Marketing (Bangkok Based, relocation provided)",Agoda,posted,2026-07-10T23:44:03.266672,313
